Protein,Rank,Ligand_File,CID,Best_Affinity
AF-P92979-F1-model_v6,1,9 Conformer3D_COMPOUND_CID_5281295_out.pdbqt,5281295,-9.171
AF-P92979-F1-model_v6,2,89 Conformer3D_COMPOUND_CID_57697_out.pdbqt,57697,-9.051
AF-P92979-F1-model_v6,3,1 Conformer3D_COMPOUND_CID_10238_out.pdbqt,10238,-8.867
AF-P92979-F1-model_v6,4,105 Conformer3D_COMPOUND_CID_10177_out.pdbqt,10177,-8.667
AF-P92979-F1-model_v6,5,109 Conformer3D_COMPOUND_CID_136510486_out.pdbqt,136510486,-8.4
AF-P92979-F1-model_v6,6,40 Conformer3D_COMPOUND_CID_145925915_out.pdbqt,145925915,-7.987
AF-P92979-F1-model_v6,7,36 Conformer3D_COMPOUND_CID_151505_out.pdbqt,151505,-7.976
AF-P92979-F1-model_v6,8,54 Conformer3D_COMPOUND_CID_71749111_out.pdbqt,71749111,-7.817
AF-P92979-F1-model_v6,9,117 Conformer3D_COMPOUND_CID_439924_out.pdbqt,439924,-7.755
AF-P92979-F1-model_v6,10,58 Conformer3D_COMPOUND_CID_189748_out.pdbqt,189748,-7.699
AF-P92979-F1-model_v6,11,110 Conformer3D_COMPOUND_CID_450274_out.pdbqt,450274,-7.683
AF-P92979-F1-model_v6,12,16 Conformer3D_COMPOUND_CID_57354748_out.pdbqt,57354748,-7.679
AF-P92979-F1-model_v6,13,55 Conformer3D_COMPOUND_CID_162661094_out.pdbqt,162661094,-7.651
AF-P92979-F1-model_v6,14,25 Conformer3D_COMPOUND_CID_58319023_out.pdbqt,58319023,-7.596
AF-P92979-F1-model_v6,15,37 Conformer3D_COMPOUND_CID_12071638_out.pdbqt,12071638,-7.575
AF-P92979-F1-model_v6,16,104 Conformer3D_COMPOUND_CID_6303_out.pdbqt,6303,-7.526
AF-P92979-F1-model_v6,17,38 Conformer3D_COMPOUND_CID_21864615_out.pdbqt,21864615,-7.519
AF-P92979-F1-model_v6,18,52 Conformer3D_COMPOUND_CID_15382325_out.pdbqt,15382325,-7.363
AF-P92979-F1-model_v6,19,51 Conformer3D_COMPOUND_CID_896_out.pdbqt,896,-7.327
AF-P92979-F1-model_v6,20,24 Conformer3D_COMPOUND_CID_165879_out.pdbqt,165879,-7.304
AF-P92979-F1-model_v6,21,60 Conformer3D_COMPOUND_CID_129373222_out.pdbqt,129373222,-7.268
AF-P92979-F1-model_v6,22,32 Conformer3D_COMPOUND_CID_146037329_out.pdbqt,146037329,-7.258
AF-P92979-F1-model_v6,23,59 Conformer3D_COMPOUND_CID_1785786_out.pdbqt,1785786,-7.226
AF-P92979-F1-model_v6,24,11 Conformer3D_COMPOUND_CID_13295139_out.pdbqt,13295139,-7.215
AF-P92979-F1-model_v6,25,15 Conformer3D_COMPOUND_CID_45117541_out.pdbqt,45117541,-7.176
AF-P92979-F1-model_v6,26,53 Conformer3D_COMPOUND_CID_91244073_out.pdbqt,91244073,-7.141
AF-P92979-F1-model_v6,27,43 Conformer3D_COMPOUND_CID_121226585_out.pdbqt,121226585,-7.039
AF-P92979-F1-model_v6,28,4 Conformer3D_COMPOUND_CID_54947465_out.pdbqt,54947465,-6.99
AF-P92979-F1-model_v6,29,56 Conformer3D_COMPOUND_CID_154733091_out.pdbqt,154733091,-6.853
AF-P92979-F1-model_v6,30,14 Conformer3D_COMPOUND_CID_45117529_out.pdbqt,45117529,-6.83
AF-P92979-F1-model_v6,31,111 Conformer3D_COMPOUND_CID_3080699_out.pdbqt,3080699,-6.671
AF-P92979-F1-model_v6,32,45 Conformer3D_COMPOUND_CID_12611335_out.pdbqt,12611335,-6.65
AF-P92979-F1-model_v6,33,91 Conformer3D_COMPOUND_CID_7017_out.pdbqt,7017,-6.65
AF-P92979-F1-model_v6,34,10 Conformer3D_COMPOUND_CID_71365969_out.pdbqt,71365969,-6.646
AF-P92979-F1-model_v6,35,33 Conformer3D_COMPOUND_CID_7251179_out.pdbqt,7251179,-6.644
AF-P92979-F1-model_v6,36,106 Conformer3D_COMPOUND_CID_158364_out.pdbqt,158364,-6.616
AF-P92979-F1-model_v6,37,48 Conformer3D_COMPOUND_CID_5281929_out.pdbqt,5281929,-6.588
AF-P92979-F1-model_v6,38,39 Conformer3D_COMPOUND_CID_19598963_out.pdbqt,19598963,-6.578
AF-P92979-F1-model_v6,39,35 Conformer3D_COMPOUND_CID_126843507_out.pdbqt,126843507,-6.52
AF-P92979-F1-model_v6,40,30 Conformer3D_COMPOUND_CID_11557659_out.pdbqt,11557659,-6.505
AF-P92979-F1-model_v6,41,83 Conformer3D_COMPOUND_CID_33037_out.pdbqt,33037,-6.496
AF-P92979-F1-model_v6,42,19 Conformer3D_COMPOUND_CID_54434743_out.pdbqt,54434743,-6.467
AF-P92979-F1-model_v6,43,7 Conformer3D_COMPOUND_CID_71441023_out.pdbqt,71441023,-6.439
AF-P92979-F1-model_v6,44,26 Conformer3D_COMPOUND_CID_5281166_out.pdbqt,5281166,-6.392
AF-P92979-F1-model_v6,45,112 Conformer3D_COMPOUND_CID_16205339_out.pdbqt,16205339,-6.378
AF-P92979-F1-model_v6,46,82 Conformer3D_COMPOUND_CID_17507_out.pdbqt,17507,-6.375
AF-P92979-F1-model_v6,47,29 Conformer3D_COMPOUND_CID_71749649_out.pdbqt,71749649,-6.362
AF-P92979-F1-model_v6,48,27 Conformer3D_COMPOUND_CID_163321940_out.pdbqt,163321940,-6.35
AF-P92979-F1-model_v6,49,86 Conformer3D_COMPOUND_CID_980_out.pdbqt,980,-6.347
AF-P92979-F1-model_v6,50,23 Conformer3D_COMPOUND_CID_4615423_out.pdbqt,4615423,-6.338
AF-P92979-F1-model_v6,51,44 Conformer3D_COMPOUND_CID_17862778_out.pdbqt,17862778,-6.334
AF-P92979-F1-model_v6,52,34 Conformer3D_COMPOUND_CID_7251182_out.pdbqt,7251182,-6.298
AF-P92979-F1-model_v6,53,31 Conformer3D_COMPOUND_CID_71749651_out.pdbqt,71749651,-6.292
AF-P92979-F1-model_v6,54,28 Conformer3D_COMPOUND_CID_74627779_out.pdbqt,74627779,-6.263
AF-P92979-F1-model_v6,55,108 Conformer3D_COMPOUND_CID_54675850_out.pdbqt,54675850,-6.222
AF-P92979-F1-model_v6,56,41 Conformer3D_COMPOUND_CID_155803953_out.pdbqt,155803953,-6.191
AF-P92979-F1-model_v6,57,107 Conformer3D_COMPOUND_CID_338_out.pdbqt,338,-6.191
AF-P92979-F1-model_v6,58,42 Conformer3D_COMPOUND_CID_71309006_out.pdbqt,71309006,-6.185
AF-P92979-F1-model_v6,59,47 Conformer3D_COMPOUND_CID_390924_out.pdbqt,390924,-6.183
AF-P92979-F1-model_v6,60,21 Conformer3D_COMPOUND_CID_1994214_out.pdbqt,1994214,-6.151
AF-P92979-F1-model_v6,61,12 Conformer3D_COMPOUND_CID_137347899_out.pdbqt,137347899,-6.08
AF-P92979-F1-model_v6,62,71 Conformer3D_COMPOUND_CID_5231_out.pdbqt,5231,-5.979
AF-P92979-F1-model_v6,63,120 Conformer3D_COMPOUND_CID_12243705_out.pdbqt,12243705,-5.957
AF-P92979-F1-model_v6,64,116 Conformer3D_COMPOUND_CID_5147_out.pdbqt,5147,-5.871
AF-P92979-F1-model_v6,65,46 Conformer3D_COMPOUND_CID_49849878_out.pdbqt,49849878,-5.834
AF-P92979-F1-model_v6,66,94 Conformer3D_COMPOUND_CID_978_out.pdbqt,978,-5.834
AF-P92979-F1-model_v6,67,68 Conformer3D_COMPOUND_CID_135503978_out.pdbqt,135503978,-5.785
AF-P92979-F1-model_v6,68,81 Conformer3D_COMPOUND_CID_85065_out.pdbqt,85065,-5.757
AF-P92979-F1-model_v6,69,102 Conformer3D_COMPOUND_CID_2230_out.pdbqt,2230,-5.755
AF-P92979-F1-model_v6,70,118 Conformer3D_COMPOUND_CID_15070_out.pdbqt,15070,-5.754
AF-P92979-F1-model_v6,71,49 Conformer3D_COMPOUND_CID_573652_out.pdbqt,573652,-5.717
AF-P92979-F1-model_v6,72,2 Conformer3D_COMPOUND_CID_15155595_out.pdbqt,15155595,-5.692
AF-P92979-F1-model_v6,73,50 Conformer3D_COMPOUND_CID_10261_out.pdbqt,10261,-5.69
AF-P92979-F1-model_v6,74,115 Conformer3D_COMPOUND_CID_936_out.pdbqt,936,-5.63
AF-P92979-F1-model_v6,75,8 Conformer3D_COMPOUND_CID_71380131_out.pdbqt,71380131,-5.625
AF-P92979-F1-model_v6,76,103 Conformer3D_COMPOUND_CID_87310_out.pdbqt,87310,-5.565
AF-P92979-F1-model_v6,77,6 Conformer3D_COMPOUND_CID_71380130_out.pdbqt,71380130,-5.526
AF-P92979-F1-model_v6,78,72 Conformer3D_COMPOUND_CID_9605288_out.pdbqt,9605288,-5.507
AF-P92979-F1-model_v6,79,85 Conformer3D_COMPOUND_CID_56633199_out.pdbqt,56633199,-5.502
AF-P92979-F1-model_v6,80,119 Conformer3D_COMPOUND_CID_938_out.pdbqt,938,-5.491
AF-P92979-F1-model_v6,81,113 Conformer3D_COMPOUND_CID_996_out.pdbqt,996,-5.44
AF-P92979-F1-model_v6,82,20 Conformer3D_COMPOUND_CID_15155596_out.pdbqt,15155596,-5.431
AF-P92979-F1-model_v6,83,5 Conformer3D_COMPOUND_CID_71383291_out.pdbqt,71383291,-5.214
AF-P92979-F1-model_v6,84,66 Conformer3D_COMPOUND_CID_135406888_out.pdbqt,135406888,-4.947
AF-P92979-F1-model_v6,85,64 Conformer3D_COMPOUND_CID_6331148_out.pdbqt,6331148,-4.891
AF-P92979-F1-model_v6,86,73 Conformer3D_COMPOUND_CID_1269845_out.pdbqt,1269845,-4.877
AF-P92979-F1-model_v6,87,69 Conformer3D_COMPOUND_CID_6331148 (1)_out.pdbqt,6331148,-4.872
AF-P92979-F1-model_v6,88,93 Conformer3D_COMPOUND_CID_655_out.pdbqt,655,-4.511
AF-P92979-F1-model_v6,89,84 Conformer3D_COMPOUND_CID_53438496_out.pdbqt,53438496,-4.416
AF-P92979-F1-model_v6,90,18 Conformer3D_COMPOUND_CID_82267_out.pdbqt,82267,-4.377
AF-P92979-F1-model_v6,91,101 Conformer3D_COMPOUND_CID_248_out.pdbqt,248,-4.307
AF-P92979-F1-model_v6,92,22 Conformer3D_COMPOUND_CID_1117_out.pdbqt,1117,-4.282
AF-P92979-F1-model_v6,93,17 Conformer3D_COMPOUND_CID_139618_out.pdbqt,139618,-4.272
AF-P92979-F1-model_v6,94,100 Conformer3D_COMPOUND_CID_247_out.pdbqt,247,-4.257
AF-P92979-F1-model_v6,95,99 Conformer3D_COMPOUND_CID_1118_out.pdbqt,1118,-4.243
AF-P92979-F1-model_v6,96,79 Conformer3D_COMPOUND_CID_24955_out.pdbqt,24955,-4.201
AF-P92979-F1-model_v6,97,92 Conformer3D_COMPOUND_CID_6405_out.pdbqt,6405,-4.181
AF-P92979-F1-model_v6,98,57 Conformer3D_COMPOUND_CID_753_out.pdbqt,753,-4.114
AF-P92979-F1-model_v6,99,3 Conformer3D_COMPOUND_CID_77385_out.pdbqt,77385,-4.091
AF-P92979-F1-model_v6,100,95 Conformer3D_COMPOUND_CID_25581_out.pdbqt,25581,-3.944
AF-P92979-F1-model_v6,101,61 Conformer3D_COMPOUND_CID_13039058_out.pdbqt,13039058,-3.933
AF-P92979-F1-model_v6,102,75 Conformer3D_COMPOUND_CID_108022_out.pdbqt,108022,-3.855
AF-P92979-F1-model_v6,103,87 Conformer3D_COMPOUND_CID_6386_out.pdbqt,6386,-3.806
AF-P92979-F1-model_v6,104,76 Conformer3D_COMPOUND_CID_2146 (1)_out.pdbqt,2146,-3.759
AF-P92979-F1-model_v6,105,90 Conformer3D_COMPOUND_CID_7919_out.pdbqt,7919,-3.741
AF-P92979-F1-model_v6,106,114 Conformer3D_COMPOUND_CID_61844_out.pdbqt,61844,-3.723
AF-P92979-F1-model_v6,107,70 Conformer3D_COMPOUND_CID_6857661_out.pdbqt,6857661,-3.689
AF-P92979-F1-model_v6,108,78 Conformer3D_COMPOUND_CID_8028_out.pdbqt,8028,-3.586
AF-P92979-F1-model_v6,109,13 Conformer3D_COMPOUND_CID_9964064_out.pdbqt,9964064,-3.558
AF-P92979-F1-model_v6,110,65 Conformer3D_COMPOUND_CID_8021_out.pdbqt,8021,-3.437
AF-P92979-F1-model_v6,111,80 Conformer3D_COMPOUND_CID_176 (1)_out.pdbqt,176,-3.388
AF-P92979-F1-model_v6,112,77 Conformer3D_COMPOUND_CID_176_out.pdbqt,176,-3.384
AF-P92979-F1-model_v6,113,98 Conformer3D_COMPOUND_CID_176 (2)_out.pdbqt,176,-3.358
AF-P92979-F1-model_v6,114,88 Conformer3D_COMPOUND_CID_8823_out.pdbqt,8823,-3.286
AF-P92979-F1-model_v6,115,96 Conformer3D_COMPOUND_CID_6599_out.pdbqt,6599,-2.897
AF-P92979-F1-model_v6,116,74 Conformer3D_COMPOUND_CID_11389353_out.pdbqt,11389353,-2.772
AF-P92979-F1-model_v6,117,97 Conformer3D_COMPOUND_CID_702_out.pdbqt,702,-2.77
AF-P92979-F1-model_v6,118,62 Conformer3D_COMPOUND_CID_945_out.pdbqt,945,-2.675
AF-P92979-F1-model_v6,119,67 Conformer3D_COMPOUND_CID_84878_out.pdbqt,84878,-2.194
AF-P92979-F1-model_v6,120,63 Conformer3D_COMPOUND_CID_3001380_out.pdbqt,3001380,-2.167
AF-Q9LIK9-F1-model_v6,1,61 Conformer3D_COMPOUND_CID_13039058_out.pdbqt,13039058,-8.931
AF-Q9LIK9-F1-model_v6,2,40 Conformer3D_COMPOUND_CID_145925915_out.pdbqt,145925915,-8.776
AF-Q9LIK9-F1-model_v6,3,1 Conformer3D_COMPOUND_CID_10238_out.pdbqt,10238,-8.469
AF-Q9LIK9-F1-model_v6,4,105 Conformer3D_COMPOUND_CID_10177_out.pdbqt,10177,-8.464
AF-Q9LIK9-F1-model_v6,5,109 Conformer3D_COMPOUND_CID_136510486_out.pdbqt,136510486,-8.279
AF-Q9LIK9-F1-model_v6,6,9 Conformer3D_COMPOUND_CID_5281295_out.pdbqt,5281295,-8.135
AF-Q9LIK9-F1-model_v6,7,54 Conformer3D_COMPOUND_CID_71749111_out.pdbqt,71749111,-7.889
AF-Q9LIK9-F1-model_v6,8,89 Conformer3D_COMPOUND_CID_57697_out.pdbqt,57697,-7.836
AF-Q9LIK9-F1-model_v6,9,52 Conformer3D_COMPOUND_CID_15382325_out.pdbqt,15382325,-7.82
AF-Q9LIK9-F1-model_v6,10,36 Conformer3D_COMPOUND_CID_151505_out.pdbqt,151505,-7.787
AF-Q9LIK9-F1-model_v6,11,16 Conformer3D_COMPOUND_CID_57354748_out.pdbqt,57354748,-7.656
AF-Q9LIK9-F1-model_v6,12,55 Conformer3D_COMPOUND_CID_162661094_out.pdbqt,162661094,-7.63
AF-Q9LIK9-F1-model_v6,13,117 Conformer3D_COMPOUND_CID_439924_out.pdbqt,439924,-7.506
AF-Q9LIK9-F1-model_v6,14,51 Conformer3D_COMPOUND_CID_896_out.pdbqt,896,-7.503
AF-Q9LIK9-F1-model_v6,15,104 Conformer3D_COMPOUND_CID_6303_out.pdbqt,6303,-7.367
AF-Q9LIK9-F1-model_v6,16,25 Conformer3D_COMPOUND_CID_58319023_out.pdbqt,58319023,-7.357
AF-Q9LIK9-F1-model_v6,17,59 Conformer3D_COMPOUND_CID_1785786_out.pdbqt,1785786,-7.354
AF-Q9LIK9-F1-model_v6,18,15 Conformer3D_COMPOUND_CID_45117541_out.pdbqt,45117541,-7.348
AF-Q9LIK9-F1-model_v6,19,53 Conformer3D_COMPOUND_CID_91244073_out.pdbqt,91244073,-7.328
AF-Q9LIK9-F1-model_v6,20,110 Conformer3D_COMPOUND_CID_450274_out.pdbqt,450274,-7.314
AF-Q9LIK9-F1-model_v6,21,58 Conformer3D_COMPOUND_CID_189748_out.pdbqt,189748,-7.202
AF-Q9LIK9-F1-model_v6,22,60 Conformer3D_COMPOUND_CID_129373222_out.pdbqt,129373222,-7.198
AF-Q9LIK9-F1-model_v6,23,24 Conformer3D_COMPOUND_CID_165879_out.pdbqt,165879,-7.152
AF-Q9LIK9-F1-model_v6,24,14 Conformer3D_COMPOUND_CID_45117529_out.pdbqt,45117529,-7.039
AF-Q9LIK9-F1-model_v6,25,32 Conformer3D_COMPOUND_CID_146037329_out.pdbqt,146037329,-7.016
AF-Q9LIK9-F1-model_v6,26,38 Conformer3D_COMPOUND_CID_21864615_out.pdbqt,21864615,-6.97
AF-Q9LIK9-F1-model_v6,27,39 Conformer3D_COMPOUND_CID_19598963_out.pdbqt,19598963,-6.847
AF-Q9LIK9-F1-model_v6,28,11 Conformer3D_COMPOUND_CID_13295139_out.pdbqt,13295139,-6.777
AF-Q9LIK9-F1-model_v6,29,4 Conformer3D_COMPOUND_CID_54947465_out.pdbqt,54947465,-6.762
AF-Q9LIK9-F1-model_v6,30,43 Conformer3D_COMPOUND_CID_121226585_out.pdbqt,121226585,-6.746
AF-Q9LIK9-F1-model_v6,31,112 Conformer3D_COMPOUND_CID_16205339_out.pdbqt,16205339,-6.732
AF-Q9LIK9-F1-model_v6,32,56 Conformer3D_COMPOUND_CID_154733091_out.pdbqt,154733091,-6.648
AF-Q9LIK9-F1-model_v6,33,28 Conformer3D_COMPOUND_CID_74627779_out.pdbqt,74627779,-6.633
AF-Q9LIK9-F1-model_v6,34,37 Conformer3D_COMPOUND_CID_12071638_out.pdbqt,12071638,-6.62
AF-Q9LIK9-F1-model_v6,35,91 Conformer3D_COMPOUND_CID_7017_out.pdbqt,7017,-6.566
AF-Q9LIK9-F1-model_v6,36,34 Conformer3D_COMPOUND_CID_7251182_out.pdbqt,7251182,-6.542
AF-Q9LIK9-F1-model_v6,37,35 Conformer3D_COMPOUND_CID_126843507_out.pdbqt,126843507,-6.501
AF-Q9LIK9-F1-model_v6,38,33 Conformer3D_COMPOUND_CID_7251179_out.pdbqt,7251179,-6.47
AF-Q9LIK9-F1-model_v6,39,27 Conformer3D_COMPOUND_CID_163321940_out.pdbqt,163321940,-6.461
AF-Q9LIK9-F1-model_v6,40,19 Conformer3D_COMPOUND_CID_54434743_out.pdbqt,54434743,-6.398
AF-Q9LIK9-F1-model_v6,41,111 Conformer3D_COMPOUND_CID_3080699_out.pdbqt,3080699,-6.392
AF-Q9LIK9-F1-model_v6,42,26 Conformer3D_COMPOUND_CID_5281166_out.pdbqt,5281166,-6.389
AF-Q9LIK9-F1-model_v6,43,48 Conformer3D_COMPOUND_CID_5281929_out.pdbqt,5281929,-6.375
AF-Q9LIK9-F1-model_v6,44,10 Conformer3D_COMPOUND_CID_71365969_out.pdbqt,71365969,-6.354
AF-Q9LIK9-F1-model_v6,45,31 Conformer3D_COMPOUND_CID_71749651_out.pdbqt,71749651,-6.345
AF-Q9LIK9-F1-model_v6,46,29 Conformer3D_COMPOUND_CID_71749649_out.pdbqt,71749649,-6.3
AF-Q9LIK9-F1-model_v6,47,82 Conformer3D_COMPOUND_CID_17507_out.pdbqt,17507,-6.239
AF-Q9LIK9-F1-model_v6,48,30 Conformer3D_COMPOUND_CID_11557659_out.pdbqt,11557659,-6.203
AF-Q9LIK9-F1-model_v6,49,106 Conformer3D_COMPOUND_CID_158364_out.pdbqt,158364,-6.138
AF-Q9LIK9-F1-model_v6,50,45 Conformer3D_COMPOUND_CID_12611335_out.pdbqt,12611335,-6.118
AF-Q9LIK9-F1-model_v6,51,83 Conformer3D_COMPOUND_CID_33037_out.pdbqt,33037,-6.053
AF-Q9LIK9-F1-model_v6,52,71 Conformer3D_COMPOUND_CID_5231_out.pdbqt,5231,-6.006
AF-Q9LIK9-F1-model_v6,53,23 Conformer3D_COMPOUND_CID_4615423_out.pdbqt,4615423,-5.97
AF-Q9LIK9-F1-model_v6,54,12 Conformer3D_COMPOUND_CID_137347899_out.pdbqt,137347899,-5.951
AF-Q9LIK9-F1-model_v6,55,21 Conformer3D_COMPOUND_CID_1994214_out.pdbqt,1994214,-5.936
AF-Q9LIK9-F1-model_v6,56,47 Conformer3D_COMPOUND_CID_390924_out.pdbqt,390924,-5.912
AF-Q9LIK9-F1-model_v6,57,7 Conformer3D_COMPOUND_CID_71441023_out.pdbqt,71441023,-5.827
AF-Q9LIK9-F1-model_v6,58,85 Conformer3D_COMPOUND_CID_56633199_out.pdbqt,56633199,-5.787
AF-Q9LIK9-F1-model_v6,59,108 Conformer3D_COMPOUND_CID_54675850_out.pdbqt,54675850,-5.75
AF-Q9LIK9-F1-model_v6,60,116 Conformer3D_COMPOUND_CID_5147_out.pdbqt,5147,-5.724
AF-Q9LIK9-F1-model_v6,61,49 Conformer3D_COMPOUND_CID_573652_out.pdbqt,573652,-5.721
AF-Q9LIK9-F1-model_v6,62,120 Conformer3D_COMPOUND_CID_12243705_out.pdbqt,12243705,-5.712
AF-Q9LIK9-F1-model_v6,63,94 Conformer3D_COMPOUND_CID_978_out.pdbqt,978,-5.711
AF-Q9LIK9-F1-model_v6,64,44 Conformer3D_COMPOUND_CID_17862778_out.pdbqt,17862778,-5.711
AF-Q9LIK9-F1-model_v6,65,86 Conformer3D_COMPOUND_CID_980_out.pdbqt,980,-5.656
AF-Q9LIK9-F1-model_v6,66,41 Conformer3D_COMPOUND_CID_155803953_out.pdbqt,155803953,-5.637
AF-Q9LIK9-F1-model_v6,67,107 Conformer3D_COMPOUND_CID_338_out.pdbqt,338,-5.618
AF-Q9LIK9-F1-model_v6,68,50 Conformer3D_COMPOUND_CID_10261_out.pdbqt,10261,-5.616
AF-Q9LIK9-F1-model_v6,69,8 Conformer3D_COMPOUND_CID_71380131_out.pdbqt,71380131,-5.576
AF-Q9LIK9-F1-model_v6,70,42 Conformer3D_COMPOUND_CID_71309006_out.pdbqt,71309006,-5.567
AF-Q9LIK9-F1-model_v6,71,81 Conformer3D_COMPOUND_CID_85065_out.pdbqt,85065,-5.49
AF-Q9LIK9-F1-model_v6,72,2 Conformer3D_COMPOUND_CID_15155595_out.pdbqt,15155595,-5.431
AF-Q9LIK9-F1-model_v6,73,72 Conformer3D_COMPOUND_CID_9605288_out.pdbqt,9605288,-5.399
AF-Q9LIK9-F1-model_v6,74,102 Conformer3D_COMPOUND_CID_2230_out.pdbqt,2230,-5.342
AF-Q9LIK9-F1-model_v6,75,20 Conformer3D_COMPOUND_CID_15155596_out.pdbqt,15155596,-5.341
AF-Q9LIK9-F1-model_v6,76,46 Conformer3D_COMPOUND_CID_49849878_out.pdbqt,49849878,-5.319
AF-Q9LIK9-F1-model_v6,77,103 Conformer3D_COMPOUND_CID_87310_out.pdbqt,87310,-5.308
AF-Q9LIK9-F1-model_v6,78,118 Conformer3D_COMPOUND_CID_15070_out.pdbqt,15070,-5.281
AF-Q9LIK9-F1-model_v6,79,68 Conformer3D_COMPOUND_CID_135503978_out.pdbqt,135503978,-5.26
AF-Q9LIK9-F1-model_v6,80,115 Conformer3D_COMPOUND_CID_936_out.pdbqt,936,-5.229
AF-Q9LIK9-F1-model_v6,81,6 Conformer3D_COMPOUND_CID_71380130_out.pdbqt,71380130,-5.158
AF-Q9LIK9-F1-model_v6,82,119 Conformer3D_COMPOUND_CID_938_out.pdbqt,938,-5.128
AF-Q9LIK9-F1-model_v6,83,5 Conformer3D_COMPOUND_CID_71383291_out.pdbqt,71383291,-4.946
AF-Q9LIK9-F1-model_v6,84,64 Conformer3D_COMPOUND_CID_6331148_out.pdbqt,6331148,-4.683
AF-Q9LIK9-F1-model_v6,85,66 Conformer3D_COMPOUND_CID_135406888_out.pdbqt,135406888,-4.676
AF-Q9LIK9-F1-model_v6,86,69 Conformer3D_COMPOUND_CID_6331148 (1)_out.pdbqt,6331148,-4.568
AF-Q9LIK9-F1-model_v6,87,113 Conformer3D_COMPOUND_CID_996_out.pdbqt,996,-4.529
AF-Q9LIK9-F1-model_v6,88,73 Conformer3D_COMPOUND_CID_1269845_out.pdbqt,1269845,-4.447
AF-Q9LIK9-F1-model_v6,89,93 Conformer3D_COMPOUND_CID_655_out.pdbqt,655,-4.235
AF-Q9LIK9-F1-model_v6,90,79 Conformer3D_COMPOUND_CID_24955_out.pdbqt,24955,-4.16
AF-Q9LIK9-F1-model_v6,91,101 Conformer3D_COMPOUND_CID_248_out.pdbqt,248,-4.121
AF-Q9LIK9-F1-model_v6,92,100 Conformer3D_COMPOUND_CID_247_out.pdbqt,247,-4.076
AF-Q9LIK9-F1-model_v6,93,17 Conformer3D_COMPOUND_CID_139618_out.pdbqt,139618,-3.992
AF-Q9LIK9-F1-model_v6,94,84 Conformer3D_COMPOUND_CID_53438496_out.pdbqt,53438496,-3.98
AF-Q9LIK9-F1-model_v6,95,95 Conformer3D_COMPOUND_CID_25581_out.pdbqt,25581,-3.922
AF-Q9LIK9-F1-model_v6,96,3 Conformer3D_COMPOUND_CID_77385_out.pdbqt,77385,-3.899
AF-Q9LIK9-F1-model_v6,97,18 Conformer3D_COMPOUND_CID_82267_out.pdbqt,82267,-3.788
AF-Q9LIK9-F1-model_v6,98,57 Conformer3D_COMPOUND_CID_753_out.pdbqt,753,-3.76
AF-Q9LIK9-F1-model_v6,99,99 Conformer3D_COMPOUND_CID_1118_out.pdbqt,1118,-3.722
AF-Q9LIK9-F1-model_v6,100,92 Conformer3D_COMPOUND_CID_6405_out.pdbqt,6405,-3.709
AF-Q9LIK9-F1-model_v6,101,22 Conformer3D_COMPOUND_CID_1117_out.pdbqt,1117,-3.581
AF-Q9LIK9-F1-model_v6,102,75 Conformer3D_COMPOUND_CID_108022_out.pdbqt,108022,-3.567
AF-Q9LIK9-F1-model_v6,103,76 Conformer3D_COMPOUND_CID_2146 (1)_out.pdbqt,2146,-3.498
AF-Q9LIK9-F1-model_v6,104,114 Conformer3D_COMPOUND_CID_61844_out.pdbqt,61844,-3.443
AF-Q9LIK9-F1-model_v6,105,90 Conformer3D_COMPOUND_CID_7919_out.pdbqt,7919,-3.44
AF-Q9LIK9-F1-model_v6,106,87 Conformer3D_COMPOUND_CID_6386_out.pdbqt,6386,-3.346
AF-Q9LIK9-F1-model_v6,107,13 Conformer3D_COMPOUND_CID_9964064_out.pdbqt,9964064,-3.264
AF-Q9LIK9-F1-model_v6,108,78 Conformer3D_COMPOUND_CID_8028_out.pdbqt,8028,-3.189
AF-Q9LIK9-F1-model_v6,109,70 Conformer3D_COMPOUND_CID_6857661_out.pdbqt,6857661,-3.175
AF-Q9LIK9-F1-model_v6,110,65 Conformer3D_COMPOUND_CID_8021_out.pdbqt,8021,-3.158
AF-Q9LIK9-F1-model_v6,111,88 Conformer3D_COMPOUND_CID_8823_out.pdbqt,8823,-3.029
AF-Q9LIK9-F1-model_v6,112,80 Conformer3D_COMPOUND_CID_176 (1)_out.pdbqt,176,-2.977
AF-Q9LIK9-F1-model_v6,113,77 Conformer3D_COMPOUND_CID_176_out.pdbqt,176,-2.975
AF-Q9LIK9-F1-model_v6,114,98 Conformer3D_COMPOUND_CID_176 (2)_out.pdbqt,176,-2.954
AF-Q9LIK9-F1-model_v6,115,96 Conformer3D_COMPOUND_CID_6599_out.pdbqt,6599,-2.818
AF-Q9LIK9-F1-model_v6,116,97 Conformer3D_COMPOUND_CID_702_out.pdbqt,702,-2.413
AF-Q9LIK9-F1-model_v6,117,62 Conformer3D_COMPOUND_CID_945_out.pdbqt,945,-2.326
AF-Q9LIK9-F1-model_v6,118,74 Conformer3D_COMPOUND_CID_11389353_out.pdbqt,11389353,-2.308
AF-Q9LIK9-F1-model_v6,119,67 Conformer3D_COMPOUND_CID_84878_out.pdbqt,84878,-2.273
AF-Q9LIK9-F1-model_v6,120,63 Conformer3D_COMPOUND_CID_3001380_out.pdbqt,3001380,-1.944
