Ligand Name,CID,SMILES,Molecular Weight,LogP,TPSA,HBA,HBD,Rotatable Bonds,Aromatic Rings,Heavy Atoms
"[(2R,3S,4R,5R)-5-(6-aminopurin-9-yl)-3,4-dihydroxyoxolan-2-yl]methyl sulfo hydrogen phosphate",10238,Nc1ncnc2c1ncn2[C@@H]1O[C@H](CO[P@](=O)(O)OS(=O)(=O)O)[C@@H](O)[C@H]1O,427.29,-2.04,229.44,12,5,6,2,27
"2-(sulfamoylamino)-4,5-dihydro-1,3-oxazole",15155595,NS(=O)(=O)NC1=NCCO1,165.17,-1.83,93.78,4,2,1,0,10
N-dimethylsulfinamoyl-N-methylmethanamine,77385,CN(C)S(=O)N(C)C,136.22,-0.31,23.55,1,0,2,0,8
1-hydroxy-4-methyl-2-[[methyl(propan-2-yl)sulfamoyl]amino]benzene,54947465,Cc1ccc(O)c(NS(=O)(=O)N(C)C(C)C)c1,258.34,1.7,69.64,3,2,4,1,17
[trimethylsilyl(trimethylsilylsulfamoyl)amino]methane,71383291,CN([Si](C)(C)C)S(=O)(=O)N[Si](C)(C)C,254.5,1.42,49.41,2,1,4,0,14
"1,1,1-trichloro-2-(dimethylsulfamoylimino)ethane",71380130,CN(C)S(=O)(=O)N=CC(Cl)(Cl)Cl,253.54,1.23,49.74,2,0,2,0,12
2-methyl-N-(2-methylbut-3-en-2-ylsulfamoyl)but-3-en-2-amine,71441023,C=CC(C)(C)NS(=O)(=O)NC(C)(C)C=C,232.35,1.34,58.2,2,2,6,0,15
"1,1,1,2-tetrachloro-2-(dimethylsulfamoylamino)ethane",71380131,CN(C)S(=O)(=O)N[C@H](Cl)C(Cl)(Cl)Cl,290.0,1.32,49.41,2,1,3,0,13
"(2Z)-2-[(3,4-dihydroxyphenyl)methylidene]-6-hydroxy-1-benzofuran-3-one",5281295,O=C1/C(=C/c2ccc(O)c(O)c2)Oc2cc(O)ccc21,270.24,2.42,86.99,5,3,1,2,20
1-(dimethylamino)-4-(sulfamoyliminomethyl)benzene,71365969,CN(C)c1ccc(C=NS(N)(=O)=O)cc1,227.29,0.37,75.76,3,1,3,1,15
1-(dimethylsulfamoylamino)-4-(trifluoromethylsulfanyl)benzene,13295139,CN(C)S(=O)(=O)Nc1ccc(SC(F)(F)F)cc1,300.33,2.52,49.41,3,1,4,1,18
"2-(sulfamoylamino)-1,4,5,6-tetrahydropyrimidine",137347899,NS(=O)(=O)NC1=NCCCN1,178.22,-1.87,96.58,4,3,1,0,11
Not available,9964064,NS(N)=O,80.11,-1.52,69.11,1,2,0,0,4
"3-cyano-2-(sulfamoylamino)-5,6-dihydro-4H-cyclopenta[b]thiophene",45117529,N#Cc1c(NS(N)(=O)=O)sc2c1CCC2,243.31,0.72,95.98,4,2,2,1,15
"2-(sulfamoylamino)-2,3-dihydro-1H-indene",45117541,NS(=O)(=O)NC1Cc2ccccc2C1,212.27,-0.05,72.19,2,2,2,1,14
"3-methyl-1,1-dioxo-5-(sulfamoylamino)-1,2,6-thiadiazinane",57354748,C[C@@H]1C[C@H](NS(N)(=O)=O)NS(=O)(=O)N1,244.3,-2.68,130.39,4,4,2,0,14
Not available,139618,O=S=NSN=S=O,156.21,0.34,58.86,5,0,2,0,7
sulfamide,82267,NS(N)(=O)=O,96.11,-1.85,86.18,2,2,0,0,5
4-methylsulfanyl-N-(propan-2-ylsulfamoyl)aniline,54434743,CSc1ccc(NS(=O)(=O)NC(C)C)cc1,260.38,2.06,58.2,3,2,5,1,16
"2-(sulfamoylamino)-4,5-dihydro-1,3-thiazole",15155596,NS(=O)(=O)NC1=NCCS1,181.24,-1.12,84.55,4,2,1,0,10
N-(dimethylsulfamoyl)-N-(thiophen-2-ylmethyl)butan-1-amine,1994214,CCCCN(Cc1cccs1)S(=O)(=O)N(C)C,276.43,2.16,40.62,3,0,7,1,17
sulfate,1117,O=S(=O)([O-])[O-],96.06,-1.34,80.26,4,0,0,0,5
(4-methylphenyl) hydrogen sulfate,4615423,Cc1ccc(OS(=O)(=O)O)cc1,188.2,1.18,63.6,3,1,2,1,12
(2-hydroxy-5-nitrophenyl) hydrogen sulfate,165879,O=[N+]([O-])c1ccc(O)c(OS(=O)(=O)O)c1,235.17,0.48,126.97,6,2,3,1,15
"[[(3R,6S)-6-carbamoylpiperidin-3-yl]amino] hydrogen sulfate",58319023,NC(=O)[C@@H]1CC[C@@H](NOS(=O)(=O)O)CN1,239.25,-2.08,130.75,6,4,4,0,15
"2-[(1R,2R)-3-oxo-2-[(Z)-pent-2-enyl]cyclopentyl]acetic acid",5281166,CC/C=C\C[C@H]1C(=O)CC[C@@H]1CC(=O)O,210.27,2.41,54.37,2,1,5,0,15
"2,2-dideuterio-2-[(1R,2R)-2,4,4-trideuterio-3-oxo-2-[(Z)-pent-2-enyl]cyclopentyl]acetic acid",163321940,[2H]C1([2H])C[C@H](C([2H])([2H])C(=O)O)[C@@]([2H])(C/C=C\CC)C1=O,215.3,2.41,54.37,2,1,5,0,15
"2-[(1R,2R,3E)-3-methoxyimino-2-[(Z)-pent-2-enyl]cyclopentyl]acetic acid",74627779,CC/C=C\C[C@H]1/C(=N/OC)CC[C@@H]1CC(=O)O,239.31,2.85,58.89,3,1,6,0,17
"2-[(1S,2S)-3-oxo-2-[(Z)-5,5,5-trideuteriopent-2-enyl]cyclopentyl]acetic acid",71749649,[2H]C([2H])([2H])C/C=C\C[C@@H]1C(=O)CC[C@H]1CC(=O)O,213.29,2.41,54.37,2,1,5,0,15
"methyl 2-[(1R,2R)-3-oxo-2-[(Z)-5,5,5-trideuteriopent-2-enyl]cyclopentyl]acetate",11557659,[2H]C([2H])([2H])C/C=C\C[C@H]1C(=O)CC[C@@H]1CC(=O)OC,227.32,2.5,43.37,3,0,5,0,16
"methyl 2-[(1S,2S)-3-oxo-2-[(Z)-pent-2-enyl]cyclopentyl]acetate",71749651,CC/C=C\C[C@@H]1C(=O)CC[C@H]1[13CH2][13C](=O)OC,226.28,2.5,43.37,3,0,5,0,16
(2S)-2-[[2-[3-oxo-2-[(Z)-pent-2-enyl]cyclopentyl]acetyl]amino]propanoate,146037329,CC/C=C\C[C@@H]1C(=O)CC[C@H]1CC(=O)N[C@@H](C)C(=O)[O-],280.34,0.58,86.3,4,1,7,0,20
"2-[(1S,2S)-3-oxo-2-[(Z)-pent-2-enyl]cyclopentyl]acetate",7251179,CC/C=C\C[C@@H]1C(=O)CC[C@H]1CC(=O)[O-],209.26,1.08,57.2,3,0,5,0,15
"2-[(1R,2S)-3-oxo-2-[(Z)-pent-2-enyl]cyclopentyl]acetate",7251182,CC/C=C\C[C@@H]1C(=O)CC[C@@H]1CC(=O)[O-],209.26,1.08,57.2,3,0,5,0,15
2-[2-[(Z)-5-hydroxypent-2-enyl]-3-oxocyclopentyl]acetate,126843507,O=C([O-])C[C@@H]1CCC(=O)[C@H]1C/C=C\CCO,225.26,0.05,77.43,4,1,6,0,16
"2-[(3R,4S,5S,6R)-3,4,5-trihydroxy-6-(hydroxymethyl)oxan-2-yl]oxybenzoic acid",151505,O=C(O)c1ccccc1O[C@@H]1O[C@H](CO)[C@@H](O)[C@H](O)[C@H]1O,300.26,-1.44,136.68,7,5,4,1,21
"2-(4,8-dimethylnonyl)-6-hydroxybenzoic acid",12071638,CC(C)CCC[C@H](C)CCCc1cccc(O)c1C(=O)O,292.42,4.88,57.53,2,2,9,1,21
2-[(2-hydroxyphenyl)methoxy]benzoic acid,21864615,O=C(O)c1ccccc1OCc1ccccc1O,244.25,2.67,66.76,3,2,4,2,18
3-propan-2-yl-2-propan-2-yloxybenzoic acid,19598963,CC(C)Oc1c(C(=O)O)cccc1C(C)C,222.28,3.3,46.53,2,1,4,1,16
"5-(1,3-benzothiazol-2-yldiazenyl)-2-hydroxybenzoic acid",145925915,O=C(O)c1cc(/N=N/c2nc3ccccc3s2)ccc1O,299.31,4.12,95.14,6,2,3,3,21
"2,3,4,5-tetradeuterio-6-deuteriooxybenzoic acid",155803953,[2H]Oc1c([2H])c([2H])c([2H])c([2H])c1C(=O)O,143.15,1.09,57.53,2,2,2,1,10
"deuterio 2,3,4,5-tetradeuterio-6-deuteriooxybenzoate",71309006,[2H]OC(=O)c1c([2H])c([2H])c([2H])c([2H])c1O[2H],144.16,1.09,57.53,3,2,2,1,10
2-hydroxy-4-(2-propan-2-ylidenehydrazinyl)benzoic acid,121226585,CC(C)=NNc1ccc(C(=O)O)c(O)c1,208.22,1.9,81.92,4,3,3,1,15
"6,6-dihydroxycyclohexa-2,4-diene-1-carboxylic acid",17862778,O=C(O)[C@H]1C=CC=CC1(O)O,156.14,-0.51,77.76,3,3,1,0,11
methyl 2-hydroxy-4-(oxiran-2-ylmethoxy)benzoate,12611335,COC(=O)c1ccc(OC[C@@H]2CO2)cc1O,224.21,0.96,68.29,5,1,4,1,16
"deuterio-(2,3,4,5-tetradeuterio-6-deuteriooxyphenyl)methanone",49849878,[2H]Oc1c([2H])c([2H])c([2H])c([2H])c1C([2H])=O,128.16,1.2,37.3,2,1,2,1,9
prop-2-ynyl 2-hydroxybenzoate,390924,C#CCOC(=O)c1ccccc1O,176.17,1.18,46.53,3,1,2,1,13
"methyl 2-[(1R,2R)-3-oxo-2-[(Z)-pent-2-enyl]cyclopentyl]acetate",5281929,CC/C=C\C[C@H]1C(=O)CC[C@@H]1CC(=O)OC,224.3,2.5,43.37,3,0,5,0,16
3-methyl-2-(3-methylbutyl)cyclopent-2-en-1-one,573652,CC1=C(CCC(C)C)C(=O)CC1,166.26,3.1,17.07,1,0,3,0,12
3-methyl-2-pent-2-enylcyclopent-2-en-1-one,10261,CCC=CCC1=C(C)CCC1=O,164.25,3.02,17.07,1,0,3,0,12
N-[2-(5-methoxy-1H-indol-3-yl)ethyl]acetamide,896,COc1ccc2[nH]cc(CCNC(C)=O)c2c1,232.28,1.86,54.12,2,2,4,2,17
N-[2-(1-acetyl-5-methoxyindol-3-yl)ethyl]acetamide,15382325,COc1ccc2c(c1)c(CCNC(C)=O)cn2C(C)=O,274.32,1.99,60.33,3,1,4,2,20
"2,2,2-trideuterio-N-[1,1,2,2-tetradeuterio-2-(5-methoxy-1H-indol-3-yl)ethyl]acetamide",91244073,[2H]C([2H])([2H])C(=O)NC([2H])([2H])C([2H])([2H])c1c[nH]c2ccc(OC)cc12,239.33,1.86,54.12,2,2,4,2,17
"N-[1,1,2,2-tetradeuterio-2-(6-hydroxy-5-methoxy-1H-indol-3-yl)ethyl]acetamide",71749111,[2H]C([2H])(NC(C)=O)C([2H])([2H])c1c[nH]c2cc(O)c(OC)cc12,252.31,1.56,74.35,3,3,4,2,18
N-[2-(7-methoxyphthalazin-1-yl)ethyl]butanamide,162661094,CCCC(=O)NCCc1nncc2ccc(OC)cc12,273.34,2.1,64.11,4,1,6,2,20
N-[2-(5-methoxy-1-sulfanylindol-3-yl)ethyl]acetamide,154733091,COc1ccc2c(c1)c(CCNC(C)=O)cn2S,264.35,2.02,43.26,3,2,4,2,18
"propane-1,2,3-triol",753,OCC(O)CO,92.09,-1.67,60.69,3,3,2,0,6
"N-[2-(5,6-dimethoxy-1H-indol-3-yl)ethyl]acetamide",189748,COc1cc2[nH]cc(CCNC(C)=O)c2cc1OC,262.31,1.86,63.35,3,2,5,2,19
N-[2-(6-methoxy-1H-indol-3-yl)ethyl]acetamide,1785786,COc1ccc2c(CCNC(C)=O)c[nH]c2c1,232.28,1.86,54.12,2,2,4,2,17
"1-(7-methoxy-2,4-dihydro-1H-pyrrolo[2,3-b]indol-3-yl)ethanone",129373222,COc1ccc2[nH]c3c(c2c1)CCN3C(C)=O,230.27,2.09,45.33,2,1,1,2,17
"(1S,2R,4R,5S,7S,11S,12S,15R,16S)-15-[(2S,3S,4S,5R)-3,4-dihydroxy-5,6-dimethylheptan-2-yl]-4,5-dihydroxy-2,16-dimethyl-9-oxatetracyclo[9.7.0.02,7.012,16]octadecan-8-one",13039058,CC(C)[C@@H](C)[C@H](O)[C@@H](O)[C@@H](C)[C@H]1CC[C@H]2[C@@H]3COC(=O)[C@H]4C[C@H](O)[C@H](O)C[C@]4(C)[C@H]3CC[C@]12C,480.69,3.39,107.22,6,4,5,0,34
nitroxyl,945,N=O,31.01,0.33,40.92,2,1,0,0,2
nitroxyl anion,3001380,[N-]=O,30.01,0.32,39.37,1,0,0,0,2
N-(diethylamino)-N-oxidonitrous amide,6331148,CCN(CC)N([O-])N=O,132.14,0.72,58.97,4,0,4,0,9
N-ethylethanamine,8021,CCNCC,73.14,0.62,12.03,1,1,2,0,5
(Z)-diethylamino-hydroxyimino-oxidoazanium,135406888,CCN(CC)/[N+]([O-])=N/O,133.15,0.59,61.9,2,1,3,0,9
azanylidyneoxidanium,84878,N#[O+],30.01,-0.1,43.69,1,0,0,0,2
(Z)-[3-aminopropyl(propyl)amino]-hydroxyimino-oxidoazanium,135503978,CCCN(CCCN)/[N+]([O-])=N/O,176.22,0.31,87.92,3,2,6,0,12
N-(diethylamino)-N-oxidonitrous amide,6331148,CCN(CC)N([O-])N=O,132.14,0.72,58.97,4,0,4,0,9
N-oxonitrous amide,6857661,O=NN=O,60.01,0.43,58.86,2,0,1,0,4
2-acetamido-3-methyl-3-nitrososulfanylbutanoic acid,5231,CC(=O)N[C@H](C(=O)O)C(C)(C)SN=O,220.25,0.77,95.83,5,2,5,0,14
(Z)-ethenoxyimino-oxido-pyrrolidin-1-ylazanium,9605288,C=CO/N=[N+](\[O-])N1CCCC1,157.17,1.03,50.9,3,0,3,0,11
2-sulfanylidene-1H-pyrimidin-4-one,1269845,O=c1cc[nH]c(=S)[nH]1,128.16,0.43,48.65,2,2,0,1,8
thionitrous S-acid,11389353,O=NS,63.08,0.6,29.43,2,1,0,0,3
2-nitrososulfanylethanol,108022,O=NSCCO,107.13,0.39,49.66,4,1,3,0,6
2-aminoguanidine,2146,NN=C(N)N,74.09,-1.87,90.42,2,3,0,0,5
acetic acid,176,CC(=O)O,60.05,0.09,37.3,1,1,0,0,4
oxolane,8028,C1CCOC1,72.11,0.8,9.23,1,0,0,0,5
1H-imidazole-2-carbaldehyde,24955,O=Cc1ncc[nH]1,96.09,0.22,45.75,2,1,1,1,7
acetic acid,176,CC(=O)O,60.05,0.09,37.3,1,1,0,0,4
3-prop-2-enoyloxypropane-1-sulfonic acid,85065,C=CC(=O)OCCCS(=O)(=O)O,194.21,-0.01,80.67,4,1,5,0,12
"2,5-dihydroxybenzenesulfonic acid",17507,O=S(=O)(O)c1cc(O)ccc1O,190.18,0.34,94.83,4,3,1,1,12
"(2S,3S,4S,5R)-2,3,4,5-tetrahydroxyhexanedioic acid",33037,O=C(O)[C@@H](O)[C@@H](O)[C@H](O)[C@@H](O)C(=O)O,210.14,-3.4,155.52,6,6,5,0,14
2-diazoacetic acid,53438496,N#[N+]C=C([O-])O,86.05,-0.44,71.44,3,1,0,0,6
nonan-5-yl hydrogen sulfate,56633199,CCCCC(CCCC)OS(=O)(=O)O,224.32,2.55,63.6,3,1,8,0,14
4-nitrophenol,980,O=[N+]([O-])c1ccc(O)cc1,139.11,1.3,63.37,3,1,1,1,10
2-methylpropan-2-ol,6386,CC(C)(C)O,74.12,0.78,20.23,1,1,0,0,5
ethoxymethanedithioic acid,8823,CCOC(=S)S,122.21,1.24,9.23,2,1,1,0,6
"9-methyl-3-(2H-tetrazol-5-yl)pyrido[1,2-a]pyrimidin-4-one",57697,Cc1cccn2c(=O)c(-c3nn[nH]n3)cnc12,228.22,0.18,88.83,5,1,1,3,17
propan-2-yloxymethanedithioic acid,7919,CC(C)OC(=S)S,136.24,1.63,9.23,2,1,1,0,7
2-phenylphenol,7017,Oc1ccccc1-c1ccccc1,170.21,3.06,20.23,1,1,1,2,13
2-methylbutan-2-ol,6405,CCC(C)(C)O,88.15,1.17,20.23,1,1,1,0,6
diethoxy-hydroxy-sulfanylidene-lambda5-phosphane,655,CCOP(O)(=S)OCC,170.17,1.28,38.69,3,1,4,0,9
4-aminobenzoic acid,978,Nc1ccc(C(=O)O)cc1,137.14,0.97,63.32,2,2,1,1,10
2-methylpropoxymethanedithioic acid,25581,CC(C)COC(=S)S,150.27,1.87,9.23,2,1,2,0,8
dimethylcarbamodithioic acid,6599,CN(C)C(=S)S,121.23,0.76,3.24,1,1,0,0,6
ethanol,702,CCO,46.07,-0.0,20.23,1,1,0,0,3
acetic acid,176,CC(=O)O,60.05,0.09,37.3,1,1,0,0,4
sulfuric acid,1118,O=S(=O)(O)O,98.08,-0.65,74.6,2,2,0,0,5
2-(trimethylazaniumyl)acetate,247,C[N+](C)(C)CC(=O)[O-],117.15,-1.56,40.13,2,0,2,0,8
carboxymethyl(trimethyl)azanium,248,C[N+](C)(C)CC(=O)O,118.16,-0.22,37.3,1,1,2,0,8
"methyl 1-methyl-3,6-dihydro-2H-pyridine-5-carboxylate",2230,COC(=O)C1=CCCN(C)C1,155.2,0.42,29.54,3,0,1,0,11
(2R)-2-amino-3-prop-2-enylsulfinylpropanoic acid,87310,C=CC[S@](=O)C[C@H](N)C(=O)O,177.22,-0.67,80.39,3,2,5,0,11
"(2R,3R,5S)-2-(6-aminopurin-9-yl)-5-(hydroxymethyl)oxolan-3-ol",6303,Nc1ncnc2c1ncn2[C@@H]1O[C@H](CO)C[C@H]1O,251.25,-0.95,119.31,7,3,2,2,18
2-(2-hydroxy-1H-indol-3-yl)indol-3-one,10177,O=C1C(c2c(O)[nH]c3ccccc23)=Nc2ccccc21,262.27,3.19,65.45,3,2,1,3,20
"4-(carboxymethyl)-N,N-bis(2-chloroethyl)benzeneamine oxide",158364,O=C(O)Cc1ccc([N+]([O-])(CCCl)CCCl)cc1,292.16,2.6,60.36,2,1,7,1,18
2-hydroxybenzoic acid,338,O=C(O)c1ccccc1O,138.12,1.09,57.53,2,2,1,1,10
2-carboxyphenolate,54675850,O=C(O)c1ccccc1[O-],137.11,0.46,60.36,2,1,1,1,10
5-(1H-benzimidazol-2-yl)-2-hydroxybenzoic acid,136510486,O=C(O)c1cc(-c2nc3ccccc3[nH]2)ccc1O,254.25,2.63,86.21,3,3,2,3,19
2-[[2-[(2-hydroxybenzoyl)amino]acetyl]amino]acetic acid,450274,O=C(O)CNC(=O)CNC(=O)c1ccccc1O,252.23,-0.68,115.73,4,4,5,1,18
2-hydroxy-5-nitrosobenzoic acid,3080699,O=Nc1ccc(O)c(C(=O)O)c1,167.12,1.49,86.96,4,2,2,1,12
4-methylpent-4-en-2-yl 2-hydroxybenzoate,16205339,C=C(C)C[C@@H](C)OC(=O)c1ccccc1O,220.27,2.9,46.53,3,1,4,1,16
phenol,996,Oc1ccccc1,94.11,1.39,20.23,1,1,0,1,7
trihydroxy(methyl)silane,61844,C[Si](O)(O)O,94.14,-1.47,60.69,3,3,0,0,5
pyridine-3-carboxamide,936,NC(=O)c1cccnc1,122.13,0.18,55.98,2,1,1,1,9
2-hydroxybenzamide,5147,NC(=O)c1ccccc1O,137.14,0.49,63.32,2,2,1,1,10
"1-[(2R,3R,4S,5R)-3,4-dihydroxy-5-(hydroxymethyl)oxolan-2-yl]pyridin-1-ium-3-carboxamide",439924,NC(=O)c1ccc[n+]([C@@H]2O[C@H](CO)[C@@H](O)[C@H]2O)c1,255.25,-2.32,116.89,5,4,3,1,18
pyridine-2-carboxamide,15070,NC(=O)c1ccccn1,122.13,0.18,55.98,2,1,1,1,9
pyridine-3-carboxylic acid,938,O=C(O)c1cccnc1,123.11,0.78,50.19,2,1,1,1,9
2-methylpyridine-3-carboxamide,12243705,Cc1ncccc1C(N)=O,136.15,0.49,55.98,2,1,1,1,10
